category,rank,asin,title,price,reviews,url
womens_clothing,1,B0F6V8RDYM,LetsJoli Bras for Women Supportive Wireless Push Up Bra Full Coverage No Underwire Seamless Plus Size for Older Women,$18.98,"6,676",https://www.amazon.com/dp/B0F6V8RDYM
womens_clothing,2,B0FBGGCYR4,OEAK Womens Wireless Jelly Bra Plus Size Supportive Seamless Bras Full Coverage Push Up Comfortable No Underwire Tshirt Bras,$18.99,"8,047",https://www.amazon.com/dp/B0FBGGCYR4
womens_clothing,3,B0FP5BYXVR,Sampeel Wide Leg Pants for Women Flowy Palazzo Drawstring Elastic Waist Trousers with Pockets Summer Beach Vacation Clothes,$17.99,"2,745",https://www.amazon.com/dp/B0FP5BYXVR
womens_clothing,4,B0FS1DBXTG,COCOMARTS Jelly Bras for Women No Underwire Scalloped Push Up Wireless Bralettes Seamless Soft Comfort Everyday Tshirt Bra,$14.56,"3,135",https://www.amazon.com/dp/B0FS1DBXTG
womens_clothing,5,B0FTSVKP9B,ANRABESS Tank Tops for Women V Neck Ribbed Knit Slim Fitted Sleeveless Basic Tee Tanks Casual Summer Clothes 2026,$8.10,"2,032",https://www.amazon.com/dp/B0FTSVKP9B
womens_clothing,6,B001PU9A9Q,Nippies Nipple Covers for Women - Reusable Sticky Silicone Pasties with Travel Case - Original Circle or Lift Style Available,$26.50,"43,321",https://www.amazon.com/dp/B001PU9A9Q
womens_clothing,7,B075ZZ7XKD,"Gildan Adult Ultra Cotton T-Shirt, Style G2000, Multipack",,"112,708",https://www.amazon.com/dp/B075ZZ7XKD
womens_clothing,8,B0FLQKYQLM,LetsJoli Push Up Strapless Bras for Women Supportive Bandeau Bra Non Slip Wireless No Underwire Padded Tube Bra,$18.99,"2,194",https://www.amazon.com/dp/B0FLQKYQLM
womens_clothing,9,B0D8FJVTBG,OEAK Womens Deep V Bras Wireless Comfortable Bra Supportive No Underwire Bras Tshirt Push Up Bralettes Plunge Seamless Bra,$18.94,"4,305",https://www.amazon.com/dp/B0D8FJVTBG
womens_clothing,10,B09MKNL9M3,"BMJL Women's Athletic Shorts High Waisted Running Short Pocket 2.5"" Sporty Shorts Gym Workout Shorts",$19.99,"12,857",https://www.amazon.com/dp/B09MKNL9M3
womens_clothing,11,B0CKZ4ZWYG,"SINOPHANT High Waisted Leggings with Pockets Women, Full Length Capri Buttery Soft Stretchy Yoga Pants",$6.39,"12,949",https://www.amazon.com/dp/B0CKZ4ZWYG
womens_clothing,12,B07SN9RS13,Women's Floral Print Puff Sleeve Kimono Cardigan Loose Cover Up Casual Blouse Tops 2026,$9.99,"83,936",https://www.amazon.com/dp/B07SN9RS13
womens_clothing,13,B0DNMJ694B,"Leafigure 2 Pack Womens Biker Shorts with Pockets, High Waisted Tummy Control Yoga Shorts for Women Running Gym and Workout",$9.99,"6,630",https://www.amazon.com/dp/B0DNMJ694B
womens_clothing,14,B0CXPXJKHN,AUTOMET Womens Square Neck Tank Tops Loose Fit 2026 Summer Tops Clothes Fashion,$9.99,"5,932",https://www.amazon.com/dp/B0CXPXJKHN
womens_clothing,15,B0DJ1G4NWG,CHICME Women Built-in Bra Tank Tops Sleeveless Casual Shirts Racerback Ribbed Fitted Tank Tops,$19.99,"4,052",https://www.amazon.com/dp/B0DJ1G4NWG
womens_clothing,16,B00FZR1C4Q,"Hanes Women's Underwear Pack, 10-Pack, Full-Coverage Cotton Blend Panties, Moisture-Wicking Underwear for Women",,"4,526",https://www.amazon.com/dp/B00FZR1C4Q
womens_clothing,17,B0DJJMW21W,ANRABESS Womens Short Sleeve Henley Tops V Neck Dressy Casual Blouses Summer Trendy Tee Shirts 2026 Vacation Fashion Clothes,$9.99,"12,094",https://www.amazon.com/dp/B0DJJMW21W
womens_clothing,18,B07VWT4XRG,FITRELL 3 Pairs Compression Socks for Women and Men 20-30mmHg-Circulation Support Socks,$13.99,"38,724",https://www.amazon.com/dp/B07VWT4XRG
womens_clothing,19,B0DLSWB6GK,ANRABESS Womens Sleeveless Scoop Neck Tank Top Ribbed Fitted Summer Basic Slim Cute Tops 2026,$7.58,"2,930",https://www.amazon.com/dp/B0DLSWB6GK
womens_clothing,20,B0BVFNPSGN,Trendy Queen Womens Short Sleeve T Shirt Buttery Soft Summer Tops Basic Tees,$7.99,"6,272",https://www.amazon.com/dp/B0BVFNPSGN
womens_clothing,21,B0CSDK2C3P,Women's Sun Shirts UPF 50+ Long Sleeve UV Protection Shirt Lightweight Quick Dry Workout Hiking Tops for Women,,"3,506",https://www.amazon.com/dp/B0CSDK2C3P
womens_clothing,22,B0FT4QF9D5,WIHOLL Summer Dresses for Women Flowy Casual Midi Dress Beach Vacation Sundresses with Pockets,$17.99,"2,393",https://www.amazon.com/dp/B0FT4QF9D5
womens_clothing,23,B07XL8N5G2,wernies No Show Socks Women Low Socks Non Slip Flat Boat Line 4/8 Pairs,$9.44,"89,590",https://www.amazon.com/dp/B07XL8N5G2
womens_clothing,24,B0DK87FPFQ,ANRABESS Boxer Shorts for Women Gingham Pajama 2026 Summer Casual Lounge Sleep Plaid Shorts Y2K Beach Bottoms,$8.11,"5,466",https://www.amazon.com/dp/B0DK87FPFQ
womens_clothing,25,B0GSCH55NJ,Sampeel Wide Leg Pants Woman High Waist Trousers with Pockets Casual Lounge,$17.99,722,https://www.amazon.com/dp/B0GSCH55NJ
womens_clothing,26,B0DHXBBW26,ANRABESS Women Short Sleeve Tops Scoop Neck Ribbed Knit Slim Fitted Basic Tee Shirt Casual Summer Clothes 2026 Spring Outfits,$7.99,"4,080",https://www.amazon.com/dp/B0DHXBBW26
womens_clothing,27,B0775Q1K93,"Amazon Essentials Women's Slim-Fit Ribbed Scoop Neck Tank Tops, Pack of 2",,"77,270",https://www.amazon.com/dp/B0775Q1K93
womens_clothing,28,B0DZ69N6FR,"OEAK Womens Value Series Wireless Bras Push Up Soft Convertible Jelly Bra | Comfortable Bralette,No Underwire,Full Coverage,Support,Tshirt,Scalloped",$16.98,"2,592",https://www.amazon.com/dp/B0DZ69N6FR
womens_clothing,29,B0GTM3S82T,Vertvie Jelly Bras for Women Plus Size Minimizer Soft Wireless Push Up Bra Full Supportive Older Lift Back Coverage Bralette,$19.98,"4,837",https://www.amazon.com/dp/B0GTM3S82T
womens_clothing,30,B0FNC4GM8V,OFEEFAN Womens Tops Short Sleeve Shirts Buttons V Neck Spring Fashion Summer Outfits Plus Size Blouses Dressy Casual,,"4,750",https://www.amazon.com/dp/B0FNC4GM8V
mens_clothing,1,B086KSDTQ4,"Hanes mens Underwear Boxer Briefs Pack, Cool & Breathable Cotton Moisture-wicking Underwear for Men, No Ride Up",,"136,010",https://www.amazon.com/dp/B086KSDTQ4
mens_clothing,2,B00D1ARZMC,"Hanes Men's Undershirt Packs, Stay-Tucked Soft Cotton Undershirts, Best Undershirts for Men, White/Black/Asstd Multipacks",,"92,869",https://www.amazon.com/dp/B00D1ARZMC
mens_clothing,3,B07JCS8NRC,"Gildan Men's Crew T-Shirts, Multipack, Style G1100",,"332,550",https://www.amazon.com/dp/B07JCS8NRC
mens_clothing,4,B0BV241H3F,COOFANDY Men's Linen Shirts Short Sleeve Casual Shirts Button Down Shirt for Men Beach Summer Wedding Shirt,$29.99,"14,800",https://www.amazon.com/dp/B0BV241H3F
mens_clothing,5,B075ZZ7XKD,"Gildan Adult Ultra Cotton T-Shirt, Style G2000, Multipack",,"112,708",https://www.amazon.com/dp/B075ZZ7XKD
mens_clothing,6,B07M989JLF,"Comfort Colors Adult Heavyweight Short Sleeve Tee, Style G1717/G1745, Multipack",,"29,608",https://www.amazon.com/dp/B07M989JLF
mens_clothing,7,B004QF0TFQ,"Dickies Men's Dri-tech Original Moisture Control Crew Socks, Available in M-xxl (6, 12, 18 Pairs)",,"216,433",https://www.amazon.com/dp/B004QF0TFQ
mens_clothing,8,B08JGBB9N1,BALENNZ Athletic Shorts for Men with Pockets and Elastic Waistband Quick Dry Activewear,,"32,795",https://www.amazon.com/dp/B08JGBB9N1
mens_clothing,9,B088WF1PRW,"BAMBOO COOL Men's Ultra Breathable Underwear,No Riding Up Boxer Briefs with ComfortFlexible Waistband,Multipack",$30.33,"16,420",https://www.amazon.com/dp/B088WF1PRW
mens_clothing,10,B00W66LQFO,"Fruit of The Loom Men's Crew Tee Undershirts, Moisture Wicking & Tag Free, Also Available in Big & Tall",,"20,113",https://www.amazon.com/dp/B00W66LQFO
mens_clothing,11,B0C2JMJKSL,"ROXUN Arm Sleeves, Cooling UV Sun Protection Sports Compression for Men/Women",$9.99,"12,958",https://www.amazon.com/dp/B0C2JMJKSL
mens_clothing,12,B01GH5GSLG,Under Armour Men's Tech Golf Polo,,"15,531",https://www.amazon.com/dp/B01GH5GSLG
mens_clothing,13,B07VWT4XRG,FITRELL 3 Pairs Compression Socks for Women and Men 20-30mmHg-Circulation Support Socks,$13.99,"38,724",https://www.amazon.com/dp/B07VWT4XRG
mens_clothing,14,B09P3RHNSY,"NORTHYARD Men's Athletic Running Shorts Gym Workout 7""/9""/5"" Quick Dry Lightweight Sports Basketball Tennis 3 Zipper Pockets",$24.99,"19,928",https://www.amazon.com/dp/B09P3RHNSY
mens_clothing,15,B00HVVVMM6,"Hanes Men's Tank Undershirt Pack, Cotton Tank Undershirt, Moisture-Wicking, Breathable, White or Grey/Black, Multi-Pack",,"21,578",https://www.amazon.com/dp/B00HVVVMM6
mens_clothing,16,B0828MYG9M,"Gildan Adult Heavy Cotton T-Shirt, Style G5000",,"98,313",https://www.amazon.com/dp/B0828MYG9M
mens_clothing,17,B00W80Z87K,Fruit of the Loom Men's Sleeveless Tag Free Moisture Wicking Tank A-Shirt,,"17,364",https://www.amazon.com/dp/B00W80Z87K
mens_clothing,18,B0785VXRX2,Under Armour Men's Tech 2.0 Short-Sleeve T-Shirt,,"25,950",https://www.amazon.com/dp/B0785VXRX2
mens_clothing,19,B08D11NP71,"Fruit of the Loom Men's Coolzone Boxer Briefs, Moisture Wicking & Breathable",$33.91,"6,018",https://www.amazon.com/dp/B08D11NP71
mens_clothing,20,B0D22ZFXNM,Obla Mens Golf Polo Shirts Short Sleeve Dry Fit Performance Moisture Wicking Casual Print Collared Golf Shirts for Men,,"3,998",https://www.amazon.com/dp/B0D22ZFXNM
mens_clothing,21,B088899NY2,Wrangler Authentics Men's Relaxed Fit Stretch Cargo Pant,,"37,049",https://www.amazon.com/dp/B088899NY2
mens_clothing,22,B0018OKNWM,Levi's Men's 505 Regular Fit Jeans (Also Available in Big & Tall),$44.97,"30,385",https://www.amazon.com/dp/B0018OKNWM
mens_clothing,23,B01M3RYHP0,"Fruit of the Loom Men's Underwear Briefs, Tag Free & Moisture Wicking",$26.20,"30,054",https://www.amazon.com/dp/B01M3RYHP0
mens_clothing,24,B078VZ5QBW,Lee Men's Extreme Motion Crossroad Cargo Short,,"16,687",https://www.amazon.com/dp/B078VZ5QBW
mens_clothing,25,B06VZ3RCYS,"Hanes Men’s X-Temp Short Sleeve Polo Shirt, Midweight Men's Shirt",,"35,484",https://www.amazon.com/dp/B06VZ3RCYS
mens_clothing,26,B0BWNHZCCR,NY Threads Men's Athletic Shorts Quick Dry Loose-Fit Lightweight Running Workout Gym Shorts with Pockets,,"5,638",https://www.amazon.com/dp/B0BWNHZCCR
mens_clothing,27,B0BLNQPVMV,"maamgic Mens Swim Trunks with Compression Liner 5 Inch, Quick Dry Bathing Suit with Zipper Pockets, No-Chafing Swim Shorts",$25.56,"4,906",https://www.amazon.com/dp/B0BLNQPVMV
mens_clothing,28,B0CPY7W6JF,Comdecevis Men's Linen Shorts Casual Elastic Waist Drawstring Summer Beach Vacation Yoga Golf Shorts with Pockets,$14.87,"2,081",https://www.amazon.com/dp/B0CPY7W6JF
mens_clothing,29,B0BLN6NFBY,maamgic 2 in 1 Mens Swim Trunks 7 Inch Swim Shorts Swim Suits Board Shorts,$32.99,"4,434",https://www.amazon.com/dp/B0BLN6NFBY
mens_clothing,30,B07JD592BB,Gildan Men's A-Shirts Tanks Multipack,$19.99,"134,577",https://www.amazon.com/dp/B07JD592BB
