asin,handle,filename
B075DWX8Q4,ring-sizers-for-loose-rings-eiito-ring-size-adjuster-spacers-or-tightener-invisi,B075DWX8Q4.jpg
B0841CSN7M,rostivo-american-flag-earrings-for-women-4th-of-july-patriotic-earrings-cute-tea,B0841CSN7M.jpg
B0F622MFDY,chunky-gold-bangle-bracelets-for-women-dainty-14k-gold-plated-big-stackable-bang,B0F622MFDY.jpg
B0GV2XVGRJ,mysense-4th-of-july-outfits-for-women-red-white-blue-patriotic-star-dangle-ameri,B0GV2XVGRJ.jpg
B0G1X6BM3S,lilie-white-resin-chunky-beaded-necklace-for-women-minimalistic-modern-statement,B0G1X6BM3S.jpg
B07RZHQF58,6-pairs-stud-earrings-set-hypoallergenic-cubic-zirconia-316l-earrings-stainless-,B07RZHQF58.jpg
B0DY1MMC7K,gemqueen-piercing-taper-ball-grabber-tool-for-changing-jewelry-14g-16g-18g-20g-s,B0DY1MMC7K.jpg
B07RZKBWMP,orangelove-hypoallergenic-nose-rings-20g-18g-16g-14g-12g-10g-8g-316l-surgical-st,B07RZKBWMP.jpg
B07TBN9JRJ,pavoi-14k-gold-plated-3mm-cubic-zirconia-classic-tennis-bracelet-gold-bracelets-,B07TBN9JRJ.jpg
B0D672Z7MZ,qceasiy-shell-ankle-bracelet-set-for-women-gold-plated-boho-bead-adjustable-ankl,B0D672Z7MZ.jpg
B0DT1FFQNR,theracopper-copper-bracelet-for-men-women-100-pure-copper-bracelets-raw-solid-un,B0DT1FFQNR.jpg
B0CTJS3L23,egnaro-women-s-engagement-rings-silicone-inner-arc-ergonomic-breathable-design-w,B0CTJS3L23.jpg
B0CPDRW819,poxtex-small-sterling-silver-huggie-hoop-earrings-set-for-women-hypoallergenic-1,B0CPDRW819.jpg
B0DK8QVFJP,lpbeads-handmade-natural-gemstone-stretch-elastic-bracelet-healing-crystal-round,B0DK8QVFJP.jpg
B01M34I3CL,pavoi-gold-plated-solid-925-sterling-silver-cz-simulated-diamond-stackable-ring-,B01M34I3CL.jpg
B0FFTH89XT,womengifts-layered-gold-necklaces-for-women-14k-gold-sterling-silver-plated-dain,B0FFTH89XT.jpg
B0G1SD75QM,holidayqbee-beaded-necklace-for-women-boho-bead-gemstone-chunky-necklace-big-bea,B0G1SD75QM.jpg
B0FN6Y2JKQ,lolias-hypoallergenic-flat-back-earrings-cartilage-earring-stacks-surgical-steel,B0FN6Y2JKQ.jpg
B0BRPYH71T,jewlpire-18k-gold-plated-925-sterling-silver-chain-necklace-for-women-1-1mm-cabl,B0BRPYH71T.jpg
B00RYURH8M,kendra-scott-elisa-pendant-necklace-for-women-fashion-jewelry-14k-gold-plated,B00RYURH8M.jpg
B0F4MXN2DW,cueziy-dainty-silver-gold-necklaces-for-women-cute-station-choker-simulated-diam,B0F4MXN2DW.jpg
B0CVS9BVX1,bioflex-clear-earrings-for-sports-work-school-surgery-mri-clear-piercing-jewelry,B0CVS9BVX1.jpg
B07JJXNH3V,316l-surgical-steel-hypoallergenic-hinged-nose-ring-hoop-for-women-men-seamless-,B07JJXNH3V.jpg
B0BVM1VF9P,4-pairs-silver-gold-hoop-earrings-for-women-14k-gold-plated-hoop-earrings-set-hy,B0BVM1VF9P.jpg
B0CCPBJYYR,small-gold-huggie-hoop-earrings-set-for-women-men-hypoallergenic-14k-plated-stac,B0CCPBJYYR.jpg
B0DYJDS45P,4th-of-july-independence-day-patriotic-earring-for-women-american-flag-dangle-ea,B0DYJDS45P.jpg
B0FD38Q4DJ,3pcs-14k-gold-plated-hand-chain-bracelets-for-women-stack-bracelets-set-adjustab,B0FD38Q4DJ.jpg
B0DGQW4PKS,sriomu-natural-healing-stone-fishhoop-dangle-drop-earrings-statement-gold-silver,B0DGQW4PKS.jpg
B0GWKZ7VG3,mysense-250-anniversary-usa-merchandise-red-white-blue-patriotic-acrylic-teardro,B0GWKZ7VG3.jpg
B0GQH6SGP1,250th-anniversary-usa-shirt-patriotic-glitter-star-earring-for-250-anniversary-a,B0GQH6SGP1.jpg
B0FMNDT5V4,dorana-jewelry-for-her-gift-3-pairs-925-sterling-silver-earrings-for-women-non-t,B0FMNDT5V4.jpg
B0GRTWW88X,boruo-toe-rings-925-sterling-silver-band-ring-waterproof-14k-gold-plated-toe-rin,B0GRTWW88X.jpg
B0DJKLTKVC,6-pairs-14k-gold-plated-stud-earrings-for-women-hypoallergenic-cartilage-earring,B0DJKLTKVC.jpg
B0BD5563WD,fesciory-leather-wrap-bracelets-for-women-boho-leopard-multi-layer-crystal-beads,B0BD5563WD.jpg
B07QTJ1WWL,pavoi-14k-gold-plated-cubic-zirconia-cross-necklace-for-women-cross-faith-pendan,B07QTJ1WWL.jpg
B0DYJHX4C6,2-3-pcs-gold-anklets-for-women-waterproof-cuban-link-anklet-beaded-bracelets-sta,B0DYJHX4C6.jpg
B08MFNMW6R,pdwznba-love-friendship-ring-18k-gold-plated-stainless-steel-promise-ring-weddin,B08MFNMW6R.jpg
B0D172FC5V,3pairs-gold-hoop-earrings-set-for-women-trendy-chunky-huggie-dainty-earring-jewe,B0D172FC5V.jpg
B0FLY2BQWX,tony-sandy-friend-gifts-for-women-unique-birthday-gifts-for-women-sister-gift-fr,B0FLY2BQWX.jpg
B0BYKBZKXY,aozel-gold-silver-plated-anklet-bracelets-for-women-waterproof-plus-size-cuban-l,B0BYKBZKXY.jpg
B0DRPNS758,5-pairs-14k-gold-plated-huggie-hoop-earrings-for-women-lightweight-minimalist-sm,B0DRPNS758.jpg
B08CB69R96,jewlpire-925-sterling-silver-chain-necklace-chain-for-women-1-1mm-cable-chains-n,B08CB69R96.jpg
B09M2S1FC5,gacimy-gold-hoop-earrings-for-women-14k-gold-plated-925-sterling-silver-post-hyp,B09M2S1FC5.jpg
B0CPT3NB6D,freekiss-3-pairs-gold-hoop-earrings-set-dainty-stud-earrings-trendy-small-14k-go,B0CPT3NB6D.jpg
B09FP3MYNM,hayoso-18k-gold-plated-halo-stud-earrings-925-sterling-silver-cubic-zirconia-stu,B09FP3MYNM.jpg
B0DYK4L5RZ,jstyle-hypoallergenic-stud-hoop-earrings-for-women-small-flat-back-surgical-stai,B0DYK4L5RZ.jpg
B0B3S435HB,pavoi-14k-gold-plated-solid-925-sterling-silver-post-cubic-zirconia-stud-flat-ba,B0B3S435HB.jpg
B0DSW6J32C,egnaro-4-5-8-variety-multipack-ergonomic-breathable-bridal-rings-sets-6mm-wide-2,B0DSW6J32C.jpg
B0BW9235FT,6-pairs-14k-gold-plated-hoop-earrings-for-women-lightweight-chunky-hoop-earrings,B0BW9235FT.jpg
B09WQM81NR,blessmylove-316l-surgical-steel-22g-20g-18g-nose-rings-studs-l-shape-nose-nostri,B09WQM81NR.jpg
B0BV1NDS7V,gokeey-ankle-bracelets-for-women-waterproof-14k-gold-plated-jewelry-set-layered-,B0BV1NDS7V.jpg
B0CF5TYSDM,gokeey-316l-surgical-stainless-steel-small-gold-silver-hoop-earrings-for-women-m,B0CF5TYSDM.jpg
B0FHD915SR,dangle-flower-earrings-for-women-statement-trendy-hoop-earring-floral-drop-earri,B0FHD915SR.jpg
B08KC8MVCG,gacimy-gold-hoop-earrings-for-women-14k-real-gold-plated-hoops-with-925-sterling,B08KC8MVCG.jpg
B0F21SQHTJ,lolias-flat-back-earrings-for-women-hypoallergenic-surgical-steel-earrings-for-s,B0F21SQHTJ.jpg
B0DHH3JTQS,non-tarnish-gold-chunky-rings-for-women-14k-gold-plated-statement-dome-rings-sta,B0DHH3JTQS.jpg
B0CZRMB97G,gold-ankle-bracelets-for-women-waterproof-dainty-gold-anklets-trendy-layered-14k,B0CZRMB97G.jpg
B0D7MTYZLQ,airkit-small-wallet-women-rfid-blocking-soft-leather-bifold-compact-card-holder-,B0D7MTYZLQ.jpg
B0CS2X23RY,bagsmart-tote-bag-for-women-lightweight-puffy-tote-bag-with-compartments-shoulde,B0CS2X23RY.jpg
B0DKMQ7958,kkxiu-shoulder-bag-for-women-cute-hobo-purses-and-handbags-retro-clutch-underarm,B0DKMQ7958.jpg
B0DMNWD19M,clear-bag-for-stadium-events-stadium-approved-small-mini-clear-purse-women-s-top,B0DMNWD19M.jpg
B0F4XLFZP8,bagsmart-cross-body-purse-mini-crossbody-bags-for-women-travel-purse-puffy-shoul,B0F4XLFZP8.jpg
B0C65X5NPX,bs-vog-clear-purse-for-women-stadium-approved-small-crossbody-bag-with-zipper-cl,B0C65X5NPX.jpg
B0C65MQDXN,clear-purse-for-women-stadium-approved-crossbody-bag-small-stadium-bag-for-conce,B0C65MQDXN.jpg
B0DG5MFD5W,fammart-iridescent-clear-beach-bags-waterproof-sandproof-for-women-large-jelly-t,B0DG5MFD5W.jpg
B0FFLXRTKP,bagstellar-puffer-tote-bag-for-women-lightweight-puffy-work-handbag-teacher-nurs,B0FFLXRTKP.jpg
B07GYW9895,toughergun-women-s-small-slim-leather-wallet-with-rfid-protection-compact-bifold,B07GYW9895.jpg
B09G5YZQ4X,fibrdoo-clear-crossbody-purse-bag-clear-bag-stadium-approved-with-front-pocket-f,B09G5YZQ4X.jpg
B0CBK2XKRX,busiuw-clear-backpack-for-stadium-events-stadium-approved-clear-backpack-12x12x6,B0CBK2XKRX.jpg
B0C3LRC59F,banelu-small-sling-backpack-crossbody-bags-for-women-men-small-sling-bag-cross-b,B0C3LRC59F.jpg
B0FVSTR5X5,fammart-mesh-beach-bag-with-zipper-for-women-large-beach-tote-sandproof-toys-poo,B0FVSTR5X5.jpg
B0DPQN4Z6W,feiboon-spacious-checkered-nylon-crossbody-bag-bum-bag-handbags-wallets-for-wome,B0DPQN4Z6W.jpg
B0FDB444RW,bagsmart-small-sling-bag-for-women-puffer-crossbody-bag-purses-hobo-handbag-fann,B0FDB444RW.jpg
B0D5PWMRY9,dihklcio-clutch-purses-for-women-2026-summer-beach-woven-crochet-bag-dumpling-st,B0D5PWMRY9.jpg
B09VT1FCYN,kalidi-beach-nylon-mesh-tote-bag-casual-tote-bag-hobo-women-foldable-max-23l-sho,B09VT1FCYN.jpg
B07KFHVFV7,janks-small-crossbody-bag-for-women-mini-phone-purses-with-crossbody-strap-and-w,B07KFHVFV7.jpg
B099DDH2RG,cyhtwsdj-shoulder-bags-for-women-cute-hobo-tote-handbag-mini-clutch-purse-with-z,B099DDH2RG.jpg
B0FS1CKYCL,bagsmart-mini-backpack-for-women-lightweight-puffer-small-backpack-purse-quilted,B0FS1CKYCL.jpg
B0C2HL72WV,ginogento-stadium-approved-bags-for-women-shoulder-bags-pvc-purse-concert-bag,B0C2HL72WV.jpg
B0CYCBYVDV,cookooky-crochet-beach-tote-bag-summer-beach-bag-for-women-aesthetic-mesh-tote-b,B0CYCBYVDV.jpg
B0DXV5XXBL,fashion-mini-crossbody-bag-handbags-purses-with-adjustable-strap-for-women-ladie,B0DXV5XXBL.jpg
B0DR8SVMHW,oraben-clear-bag-for-stadium-events-clear-purse-stadium-bag-satchel-handbags-for,B0DR8SVMHW.jpg
B0DW8437WZ,travelambo-rfid-wallet-women-bifold-multi-card-wallet-case-with-zipper-pocke-cre,B0DW8437WZ.jpg
B0F5PXGTP6,bohunono-woven-clutch-purses-for-woman-summer-beach-purse-for-vacation-woven-str,B0F5PXGTP6.jpg
B0B426KSXP,coowoz-travel-backpack-for-women-men-carry-on-backpack-hiking-backpack-waterproo,B0B426KSXP.jpg
B0CMQCZ76Y,aphison-trendy-leather-crossbody-purse-with-adjustable-strap-women-s-shoulder-ha,B0CMQCZ76Y.jpg
B0FS1631V6,mum-s-memory-mini-zip-around-wristlet-wallets-for-women-keychain-wallet-with-det,B0FS1631V6.jpg
B09MYGBXJB,lorbro-clear-purse-for-women-stadium-approved-clear-crossbody-bag-with-zipper-cl,B09MYGBXJB.jpg
B01MZAWUB9,angelkiss-hobo-purses-and-handbags-for-women-satchel-handbag-women-purses-large-,B01MZAWUB9.jpg
B0F42DJ6J7,bagsmart-quilted-crossbody-bags-for-women-travel-purses-hobo-shoulder-bag-fits-1,B0F42DJ6J7.jpg
B0FZGC44G1,giancomics-sea-turtle-womens-wallet-rfid-blocking-credit-card-holder-bifold-pu-l,B0FZGC44G1.jpg
B08NPK4YF5,biaotie-lightweight-small-crossbody-bags-cell-phone-purses-travel-pouch-shoulder,B08NPK4YF5.jpg
B07S24R8RJ,cookooky-womens-straw-clutch-bag-bohemian-summer-beach-straw-purse-zipper-wristl,B07S24R8RJ.jpg
B0C5748R9X,tobvzoo-clear-bag-stadium-approved-crossbody-transparent-bag-for-concerts-sports,B0C5748R9X.jpg
B0CKN2BF5J,montana-west-crossbody-bag-for-women-large-bum-bag-purse-soft-vegan-leather-trav,B0CKN2BF5J.jpg
B0DZFHDGXM,coach-women-s-plaza-bag-18,B0DZFHDGXM.jpg
B0D22FZCY9,befen-genuine-leather-crossbody-bags-for-women-cell-phone-cross-body-purse-bag-w,B0D22FZCY9.jpg
B0FPLHSBC9,mexs-small-crossbody-bags-for-women-mini-casual-cross-body-bag-travel-purse-adju,B0FPLHSBC9.jpg
B0CN62WHV4,montana-west-tote-bags-for-women-top-handle-satchel-purses,B0CN62WHV4.jpg
B001PU9A9Q,nippies-nipple-covers-for-women-reusable-sticky-silicone-pasties-with-travel-cas,B001PU9A9Q.jpg
B0FP5BYXVR,sampeel-wide-leg-pants-for-women-flowy-palazzo-drawstring-elastic-waist-trousers,B0FP5BYXVR.jpg
B0FLQKYQLM,letsjoli-push-up-strapless-bras-for-women-supportive-bandeau-bra-non-slip-wirele,B0FLQKYQLM.jpg
B0FS1DBXTG,cocomarts-jelly-bras-for-women-no-underwire-scalloped-push-up-wireless-bralettes,B0FS1DBXTG.jpg
B0CG7LH9JG,shapermint-strapless-bra-wireless-non-slip-bandeau-convertible-straps-molded-str,B0CG7LH9JG.jpg
B0CSDK2C3P,women-s-sun-shirts-upf-50-long-sleeve-uv-protection-shirt-lightweight-quick-dry-,B0CSDK2C3P.jpg
B074SHQ18W,baleaf-women-s-8-5-3-biker-shorts-high-waist-yoga-workout-gym-running-volleyball,B074SHQ18W.jpg
B004QF0TFQ,dickies-men-s-dri-tech-original-moisture-control-crew-socks-available-in-m-xxl-6,B004QF0TFQ.jpg
B00HVVVMM6,hanes-men-s-tank-undershirt-pack-cotton-tank-undershirt-moisture-wicking-breatha,B00HVVVMM6.jpg
B07VWT4XRG,fitrell-3-pairs-compression-socks-for-women-and-men-20-30mmhg-circulation-suppor,B07VWT4XRG.jpg
B085C1RXD4,ft-fenteng-mens-swim-trunks-quick-dry-board-shorts-with-mesh-liner-breathable-bi,B085C1RXD4.jpg
B06XW4T56N,amazon-essentials-men-s-lightweight-breathable-cotton-slim-fit-tank-undershirts-,B06XW4T56N.jpg
B0CPY7HM3Q,comdecevis-men-s-linen-shorts-casual-elastic-waist-drawstring-summer-beach-vacat,B0CPY7HM3Q.jpg
B00AECT1ZE,dickies-men-s-dri-tech-moisture-control-quarter-socks-available-in-m-xxl-6-12-18,B00AECT1ZE.jpg
B09XQVCZ8B,soothfeel-men-s-running-shorts-with-zipper-pockets-9-7-5-quick-dry-eight-basketb,B09XQVCZ8B.jpg
B0C5ZRQS2X,kuailu-flip-flops-for-women-with-arch-support-yoga-mat-comfortable-summer-beach-,B0C5ZRQS2X.jpg
B0CSMN1X4W,odoly-unisex-cork-footbed-slide-sandal-arch-support-summer-outdoor-sandals-with-,B0CSMN1X4W.jpg
B0CRD3ZX8R,whitin-women-s-multi-purpose-feather-water-shoes-thick-sole,B0CRD3ZX8R.jpg
B09K3ST7LK,kuailu-womens-fashion-orthotic-slides-ladies-athletic-yoga-mat-memory-foam-walki,B09K3ST7LK.jpg
B00K2OKHSO,reef-women-s-cushion-breeze-flip-flops,B00K2OKHSO.jpg
B0GRXXZQDR,project-cloud-100-genuine-leather-sandals-women-dressy-beach-essentials-slides-f,B0GRXXZQDR.jpg
B07NJNRHKG,skechers-women-s-bobs-b-cute-sneaker-memory-foam-flexible-outsole-lightweight-ve,B07NJNRHKG.jpg
B0CTK7LJQF,if-you-gold-ankle-bracelets-for-women-14k-gold-plated-waterproof-cuban-link-chai,B0CTK7LJQF.jpg
B0DZX5QJ21,july-4th-independence-day-earrings-american-flag-five-pointed-star-earrings-dang,B0DZX5QJ21.jpg
B0DX6Q2K5D,gokeey-gold-bracelets-set-for-women-non-tarnish-waterproof-14k-gold-plated-sterl,B0DX6Q2K5D.jpg
B0CB7CHRMZ,cluci-clear-bag-for-stadium-events-clear-crossbody-bag-transparent-purses,B0CB7CHRMZ.jpg
B0DS6H25HL,simple-modern-extra-large-beach-bag-waterproof-getaway-rubber-tote-with-zipper-p,B0DS6H25HL.jpg
B09TXL9ZGZ,cookooky-straw-clutch-handbag-summer-beach-straw-purse-for-women-woven-envelope-,B09TXL9ZGZ.jpg
B0CTQ3DBLC,jogjam-black-cat-floral-rfid-women-wallet-small-slim-thin-credit-card-wallet-pu-,B0CTQ3DBLC.jpg
B09P4V72F8,kalidi-women-corduroy-tote-bag-zipper-casual-tote-s-handbag-big-capacity-shoulde,B09P4V72F8.jpg
B0F7R7SHYY,bagsmart-boxy-tote-bag-for-women-crossbody-bag-with-zipper-crush-bow-purses-for-,B0F7R7SHYY.jpg
B0F17DND4Q,black-and-white-checkered-crossbody-bag-bum-bag-for-women-spacious-checkered-pur,B0F17DND4Q.jpg
B0DKNVPHCN,kkxiu-shoulder-bag-for-women-small-clutch-purses-cute-hobo-handbag-trendy-undera,B0DKNVPHCN.jpg
B0BGWVK8KY,ketiee-clear-crossbody-bag-stadium-approved-clear-purse-bag-for-concerts-sports-,B0BGWVK8KY.jpg
B0D749VYM6,vantamo-crescent-bags-for-women-with-rfid-protection-half-moon-clutch-purses-for,B0D749VYM6.jpg
B0G4QNDY6T,iioscre-beach-bag-for-women-causal-hobo-bag-with-zipper-inner-pocket-foldable-me,B0G4QNDY6T.jpg
B08R3TJKH7,inicat-women-s-small-sling-bag-lightweight-everyday-vegan-leather-crossbody-purs,B08R3TJKH7.jpg
B085S8CPHY,mintegra-women-shoulder-handbag-roomy-multiple-pockets-bag-ladies-crossbody-purs,B085S8CPHY.jpg
B0D1XNFR5N,latmap-clear-bag-for-stadium-events-clear-purse-for-women-stadium-crossbody-bag-,B0D1XNFR5N.jpg
B0CKVYQRJG,joryin-woven-women-s-crossbody-bag-evening-purse-trendy-dumpling-clutch-hobo-clo,B0CKVYQRJG.jpg
B01CG1J7XG,travelon-anti-theft-heritage-small-crossbody-bag,B01CG1J7XG.jpg
B0GD193BPN,bagsmart-small-crossbody-bags-for-women-puffer-cute-bum-bag-with-pouch-quilted-p,B0GD193BPN.jpg
B0DXKGYBZM,fodoko-wristlet-wallets-for-women-nylon-quilted-wallet-with-4-zippers-travel-cre,B0DXKGYBZM.jpg
B0F6TWKDFK,letsjoli-bras-for-women-supportive-wireless-push-up-bra-full-coverage-no-underwi,B0F6TWKDFK.jpg
B0D8FJVTBG,oeak-womens-deep-v-bras-wireless-comfortable-bra-supportive-no-underwire-bras-ts,B0D8FJVTBG.jpg
B075ZZ7XKD,gildan-adult-ultra-cotton-t-shirt-style-g2000-multipack,B075ZZ7XKD.jpg
B0DNMJ694B,leafigure-2-pack-womens-biker-shorts-with-pockets-high-waisted-tummy-control-yog,B0DNMJ694B.jpg
B09MKNL9M3,bmjl-women-s-athletic-shorts-high-waisted-running-short-pocket-2-5-sporty-shorts,B09MKNL9M3.jpg
B0C69C89BX,anrabess-women-athletic-dress-summer-tennis-workout-active-sports-mini-romper-dr,B0C69C89BX.jpg
B0FBGGCYR4,oeak-womens-wireless-jelly-bra-plus-size-supportive-seamless-bras-full-coverage-,B0FBGGCYR4.jpg
B0DJ1G4NWG,chicme-women-built-in-bra-tank-tops-sleeveless-casual-shirts-racerback-ribbed-fi,B0DJ1G4NWG.jpg
B0DJJMW21W,anrabess-womens-short-sleeve-henley-tops-v-neck-dressy-casual-blouses-summer-tre,B0DJJMW21W.jpg
B00FZR1CIW,hanes-women-s-underwear-pack-10-pack-full-coverage-cotton-blend-panties-moisture,B00FZR1CIW.jpg
B09NVRJ343,holipick-women-tummy-control-one-piece-swimsuit-push-up-bathing-suit-full-covera,B09NVRJ343.jpg
B0DK88BRF4,anrabess-boxer-shorts-for-women-gingham-pajama-2026-summer-casual-lounge-sleep-p,B0DK88BRF4.jpg
B0CXPY54XY,automet-womens-square-neck-tank-tops-loose-fit-2026-summer-tops-clothes-fashion,B0CXPY54XY.jpg
B0DJV8HZRQ,levi-s-women-s-501-original-shorts-also-available-in-plus,B0DJV8HZRQ.jpg
B0F6TZGL1B,summer-mae-blouson-tankini-swimsuits-for-women-2026-tummy-control-two-piece-bath,B0F6TZGL1B.jpg
B0BVFDH7BS,sinophant-high-waisted-leggings-for-women-full-length-capri-buttery-soft-yoga-pa,B0BVFDH7BS.jpg
B0C43GF7SW,women-s-sexy-american-flag-crop-tank-4th-of-july-patriotic-sleeveless-tee-tops,B0C43GF7SW.jpg
B0CPP12B56,anrabess-womens-sleeveless-high-neck-tank-tops-fashion-summer-casual-basic-slim-,B0CPP12B56.jpg
B0FVDTY7HL,vertvie-jelly-bras-for-women-plus-size-minimizer-soft-wireless-push-up-bra-full-,B0FVDTY7HL.jpg
B07Y36YQWJ,molasus-women-s-cotton-underwear-high-waisted-full-coverage-ladies-panties-regul,B07Y36YQWJ.jpg
B0DLSWB6GK,anrabess-womens-sleeveless-scoop-neck-tank-top-ribbed-fitted-summer-basic-slim-c,B0DLSWB6GK.jpg
B0G38VZM98,zeagoo-womens-tank-tops-summer-sleeveless-loose-fit-tops-v-neck-pleated-shirts-b,B0G38VZM98.jpg
B0FZVM7D9Q,zeagoo-womens-tops-short-sleeve-v-neck-tee-shirts-cute-dressy-casual-clothing-bu,B0FZVM7D9Q.jpg
B081VSYKL5,voenxe-seamless-women-underwear-thongs-no-show-ladies-thong-no-line-workout-brea,B081VSYKL5.jpg
B0FTSRP2SL,anrabess-tank-tops-for-women-v-neck-ribbed-knit-slim-fitted-sleeveless-basic-tee,B0FTSRP2SL.jpg
B0FT5DQTZF,wiholl-summer-dresses-for-women-flowy-casual-midi-dress-beach-vacation-sundresse,B0FT5DQTZF.jpg
B07RSXYKK3,niidor-adhesive-bra-strapless-ultra-sticky-invisible-push-up-silicone-bra-multip,B07RSXYKK3.jpg
B08CZ6362P,amazon-essentials-women-s-cotton-spandex-bikini-brief-underwear-available-in-plu,B08CZ6362P.jpg
B0FR9D5XDL,herseas-women-s-tie-shoulder-bikini-sets-2-piece-striped-swimsuits-high-waisted-,B0FR9D5XDL.jpg
B0CKZ4ZWYG,sinophant-high-waisted-leggings-with-pockets-women-full-length-capri-buttery-sof,B0CKZ4ZWYG.jpg
B0D9V97JB7,holipick-3-piece-tankini-swimsuits-for-women-tummy-control-bathing-suits-swim-ta,B0D9V97JB7.jpg
B0C1BJ6LVQ,campsnail-biker-shorts-women-with-pockets-3-5-8-high-waisted-workout-spandex-tum,B0C1BJ6LVQ.jpg
B087X7JS16,magcomsen-women-s-long-sleeve-shirts-upf-50-sun-protection-shirts-for-hiking-fis,B087X7JS16.jpg
B0BZYNQ42M,lentta-womens-athletic-sleeveless-mini-dress-with-built-in-shorts-v-neck-spaghet,B0BZYNQ42M.jpg
B09SGBR8YH,eomenie-women-s-one-piece-swimsuits-tummy-control-cutout-high-waisted-bathing-su,B09SGBR8YH.jpg
B0FC2LHG2M,danysu-v-neck-cotton-tank-tops-with-built-in-shelf-bra-sleeveless-racerback-fitt,B0FC2LHG2M.jpg
B08RN62C4C,wiholl-womens-summer-t-shirts-short-sleeve-v-neck-dolman-tops-with-side-shirring,B08RN62C4C.jpg
B0CPM586T9,boho-floral-racerback-tank-tops-for-women-american-flag-shirt-summer-sleeveless-,B0CPM586T9.jpg
B07YNY69X6,shapermint-shapewear-for-women-high-waisted-shapewear-tummy-control-shorts-thigh,B07YNY69X6.jpg
B0BS3WP1R9,eomenie-one-piece-swimdress-swimsuits-for-women-tummy-control-swim-dresses-skirt,B0BS3WP1R9.jpg
B0DK8Z26D6,blooming-jelly-women-one-piece-swim-dress-tummy-control-swimsuits-slimming-mesh-,B0DK8Z26D6.jpg
B0FG25KJLY,yeoreo-ease-workout-leggings-womens-no-front-seam-straight-leggings-29-31-5-33-3,B0FG25KJLY.jpg
B0DS23W6MC,trendy-queen-women-s-strapless-bandeau-crop-top,B0DS23W6MC.jpg
B0D35YXQ6L,danysu-v-neck-racer-back-tank-top-for-women-padded-ribbed-long-tank-fitted-basic,B0D35YXQ6L.jpg
B0FCBMV254,women-s-t-shirts-v-neck-dragonfly-tee-cute-summer-graphic-shirts-vintage-boho-fl,B0FCBMV254.jpg
B08QCV3HKZ,ekouaer-pajama-set-for-women-2-piece-lounge-set-short-sleeve-tops-and-shorts-sof,B08QCV3HKZ.jpg
B0DLVR7PVB,anrabess-womens-wide-leg-palazzo-pants-with-pockets-lightweight-breathable-high-,B0DLVR7PVB.jpg
B0DGV8TM17,hanes-women-s-pajamas-set-comfywear-pajamas-for-women-set-originals-supertsoft-l,B0DGV8TM17.jpg
B0007YR8ZE,playtex-women-s-wireless-bra-18-hour-plus-size-bras-available-full-coverage-smoo,B0007YR8ZE.jpg
B0DSZYTYTT,cicy-bell-womens-summer-v-neck-t-shirts-casual-short-sleeve-flowy-tops-cute-loos,B0DSZYTYTT.jpg
B086KSDTQ4,hanes-mens-underwear-boxer-briefs-pack-cool-breathable-cotton-moisture-wicking-u,B086KSDTQ4.jpg
B07JCS8NRC,gildan-men-s-crew-t-shirts-multipack-style-g1100,B07JCS8NRC.jpg
B00D1ARZMC,hanes-men-s-undershirt-packs-stay-tucked-soft-cotton-undershirts-best-undershirt,B00D1ARZMC.jpg
B078VZ5QBW,lee-men-s-extreme-motion-crossroad-cargo-short,B078VZ5QBW.jpg
B0BV241H3F,coofandy-men-s-linen-shirts-short-sleeve-casual-shirts-button-down-shirt-for-men,B0BV241H3F.jpg
B075ZZ7XKD,gildan-adult-ultra-cotton-t-shirt-style-g2000-multipack,B075ZZ7XKD.jpg
B08JGBB9N1,balennz-athletic-shorts-for-men-with-pockets-and-elastic-waistband-quick-dry-act,B08JGBB9N1.jpg
B07M989JLF,comfort-colors-adult-heavyweight-short-sleeve-tee-style-g1717-g1745-multipack,B07M989JLF.jpg
B0C2JMJKSL,roxun-arm-sleeves-cooling-uv-sun-protection-sports-compression-for-men-women,B0C2JMJKSL.jpg
B00W80Z87K,fruit-of-the-loom-men-s-sleeveless-tag-free-moisture-wicking-tank-a-shirt,B00W80Z87K.jpg
B00W66LQFO,fruit-of-the-loom-men-s-crew-tee-undershirts-moisture-wicking-tag-free-also-avai,B00W66LQFO.jpg
B0BLN6NFBY,maamgic-2-in-1-mens-swim-trunks-7-inch-swim-shorts-swim-suits-board-shorts,B0BLN6NFBY.jpg
B0BWNHZCCR,ny-threads-men-s-athletic-shorts-quick-dry-loose-fit-lightweight-running-workout,B0BWNHZCCR.jpg
B00JUM4CT4,hanes-men-s-zip-up-hoodie-ecosmart-fleece-full-zip-hoodie-for-men-hooded-sweatsh,B00JUM4CT4.jpg
B0BFDVJ414,northyard-men-s-athletic-running-shorts-gym-workout-7-9-5-quick-dry-lightweight-,B0BFDVJ414.jpg
B01GH5GSLG,under-armour-men-s-tech-golf-polo,B01GH5GSLG.jpg
B0828MYG9M,gildan-adult-heavy-cotton-t-shirt-style-g5000,B0828MYG9M.jpg
B088WF1PRW,bamboo-cool-men-s-ultra-breathable-underwear-no-riding-up-boxer-briefs-with-comf,B088WF1PRW.jpg
B0785VXRX2,under-armour-men-s-tech-2-0-short-sleeve-t-shirt,B0785VXRX2.jpg
B0BRKXLQ63,roadbox-upf-50-fishing-shirts-for-men-long-sleeve-uv-sun-protection-hoodie-outdo,B0BRKXLQ63.jpg
B08887FCQL,wrangler-authentics-men-s-relaxed-fit-stretch-cargo-pant,B08887FCQL.jpg
B0018OKNWM,levi-s-men-s-505-regular-fit-jeans-also-available-in-big-tall,B0018OKNWM.jpg
B07JD592BB,gildan-men-s-a-shirts-tanks-multipack,B07JD592BB.jpg
B01M3RYHP0,fruit-of-the-loom-men-s-underwear-briefs-tag-free-moisture-wicking,B01M3RYHP0.jpg
B086L77BVP,hanes-men-s-underwear-boxers-pack-cool-breathable-cotton-underwear-moisture-wick,B086L77BVP.jpg
B01L8JJY5I,hanes-men-s-hoodie-ecosmart-fleece-hooded-sweatshirt-for-men-women-midweight-fle,B01L8JJY5I.jpg
B016Y828WO,lee-men-s-big-tall-extreme-motion-flat-front-short,B016Y828WO.jpg
B00KBZOTKQ,hanes-men-s-t-shirt-pack-4-pack-essential-t-crewneck-cotton-t-shirts-everyday-me,B00KBZOTKQ.jpg
B0B7297JXQ,5-pack-men-s-active-quick-dry-crew-neck-t-shirts-athletic-running-gym-workout-sh,B0B7297JXQ.jpg
B07SH71TK2,magcomsen-men-s-long-sleeve-shirts-upf-50-uv-sun-protection-athletic-shirts-for-,B07SH71TK2.jpg
B07FZVKVMD,maamgic-mens-swim-trunks-quick-dry-swim-shorts-with-mesh-lining-funny-swimwear-b,B07FZVKVMD.jpg
B086KKT21Y,hanes-mens-underwear-boxers-pack-cool-and-breathable-cotton-underwear-exposed-an,B086KKT21Y.jpg
B09TL4SLN6,heralady-4th-of-july-shirts-mens-muscle-tank-top-1776-sleeveless-graphic-gym-wor,B09TL4SLN6.jpg
B01IT4UQO8,men-s-dungarees-new-belted-wyoming-cargo-short,B01IT4UQO8.jpg
B0151E6WPQ,hanes-men-s-shorts-essentials-short-with-pockets-gym-shorts-for-men-men-s-athlet,B0151E6WPQ.jpg
B07LGQ87W1,rustler-men-s-classic-relaxed-fit,B07LGQ87W1.jpg
B0CRYDKR8J,libin-mens-golf-pants-stretch-work-dress-pants-30-32-34-quick-dry-lightweight-ca,B0CRYDKR8J.jpg
B0728BNL9X,under-armour-men-s-tech-graphic-10-shorts,B0728BNL9X.jpg
B0CNJS9K87,bamboo-cool-men-s-ultra-comfortsoft-underwear-moisture-wicking-breathable-no-rid,B0CNJS9K87.jpg
B0D9Y3XKFP,bamboo-cool-men-s-crew-socks-athletic-running-sports-socks-cushioned-moisture-wi,B0D9Y3XKFP.jpg
B0F4XNQ4VY,g-gradual-men-s-athletic-workout-t-shirts-moisture-wicking-cooling-running-shirt,B0F4XNQ4VY.jpg
B0FD21WM9H,musesox-compression-socks-for-women-and-men-knee-high-15-20mmhg-graduated-suppor,B0FD21WM9H.jpg
B077ZN2F83,gildan-men-s-v-neck-t-shirts-multipack-style-g1103,B077ZN2F83.jpg
B09WD78L62,under-armour-men-s-sportstyle-left-chest-logo-short-sleeve-t-shirt,B09WD78L62.jpg
B008YA0Z44,adidas-men-s-athletic-cushioned-crew-socks-6-pairs-durable-comfortable,B008YA0Z44.jpg
B07HJFL4JM,amazon-essentials-men-s-regular-fit-sleeveless-tank-tops,B07HJFL4JM.jpg
B0DJNJBVWG,oversized-tshirts-for-men-short-sleeve-vintage-washed-basic-loose-tees-2026,B0DJNJBVWG.jpg
B07YH2VD6W,wrangler-authentics-men-s-comfort-flex-waist-relaxed-fit-jean,B07YH2VD6W.jpg
B09Q3MYDQH,water-shoes-for-women-men-quick-dry-aqua-socks-swim-beach-outfits-barefoot-yoga-,B09Q3MYDQH.jpg
B081DY9881,seekway-water-shoes-men-women-adult-quick-dry-aqua-sock-barefoot-for-beach-swim-,B081DY9881.jpg
B086SYFKLP,archies-arch-support-flip-flops-for-men-women-orthotic-sandals-for-plantar-fasci,B086SYFKLP.jpg
B001526RFY,crocs-unisex-adult-classic-clog-clogs-for-women-and-men,B001526RFY.jpg
B0D2DV8PTH,project-cloud-flip-flops-for-women-footwear-lightweight-and-memory-foam-insole-s,B0D2DV8PTH.jpg
B0F32KMZ18,mazeskin-women-s-memory-foam-comfortable-flat-thong-sandals-dressy-summer-beach-,B0F32KMZ18.jpg
B092QWYYQ9,bronax-pillow-slippers-for-women-and-men-house-slides-shower-sandals-cushioned-t,B092QWYYQ9.jpg
B07ZQFDK2K,seekway-water-shoes-women-men-adult-quick-dry-aqua-socks-barefoot-non-slip-for-b,B07ZQFDK2K.jpg
B075PBVR9N,cushionaire-lane-cork-footbed-womens-sandals-comfortable-double-buckle-slip-on-s,B075PBVR9N.jpg
B0GYQ8JMF4,cushionaire-siesta-modern-lattice-ballet-flats-for-women-comfortable-slip-on-poi,B0GYQ8JMF4.jpg
B0GXHKZW5C,cushionaire-pool-slides-for-women-water-resistant-double-buckle-adjustable-slip-,B0GXHKZW5C.jpg
B0CNYDF946,project-cloud-100-genuine-leather-flat-sandals-for-women-2026-cork-footbed-women,B0CNYDF946.jpg
B08P4MD63C,water-shoes-mens-women-barefoot-shoes-quick-dry-aqua-outdoor-sports-for-swim-poo,B08P4MD63C.jpg
B0DGNYT1KX,vifuur-water-sports-shoes-barefoot-quick-dry-aqua-yoga-socks-slip-on-for-men-wom,B0DGNYT1KX.jpg
B01FH9EJCI,clarks-women-s-breeze-sea-flip-flop,B01FH9EJCI.jpg
B0CLGNYKFR,everfoams-womens-fuzzy-open-toe-slippers-soft-comfy-memory-foam-indoor-house-sho,B0CLGNYKFR.jpg
B073XSLL5P,cushionaire-luna-sandals-for-women-cork-footbed-womens-sandals-for-summer-comfor,B073XSLL5P.jpg
B0C1C17KH8,whitin-slippers-for-women-non-slip-cushioned-thick-sole-slides-quick-drying-bath,B0C1C17KH8.jpg
B00BRC4L14,oofos-ooahh-recovery-slide-women-s-and-men-s,B00BRC4L14.jpg
B0B68G2D52,shevalues-slim-flip-flops-for-women-beach-rubber-shower-shoes-basic-thong-sandal,B0B68G2D52.jpg
B0CTGT7P3X,ubfen-water-shoes-for-men-women-quick-dry-swim-aqua-socks-lightweight-barefoot-s,B0CTGT7P3X.jpg
B07MW3D3CS,simari-water-shoes-for-women-men-barefoot-quick-dry-aqua-socks-lightweight-swim-,B07MW3D3CS.jpg
B09652VJP1,joomra-pillow-slippers-for-women-and-men-non-slip-quick-drying-shower-slides-bat,B09652VJP1.jpg
B0DM3GS1NH,brooks-women-s-ghost-max-3-neutral-running-walking-shoe,B0DM3GS1NH.jpg
B0FCZFSVZD,cushionaire-splash-jelly-flip-flops-for-women-with-flexible-sole-soft-footbed-su,B0FCZFSVZD.jpg
B0CZ75N4PP,goosecret-women-s-comfortable-arch-support-walking-platform-sandals-lightweight-,B0CZ75N4PP.jpg
B0C76YBQFJ,skechers-women-s-hands-free-slip-ins-go-walk-flex-grand-entry-sneaker,B0C76YBQFJ.jpg
B08QMLN6VX,hisea-rollda-cowboy-boots-for-women-cowgirl-boots-comfortable-western-boots-with,B08QMLN6VX.jpg
B07S1VF39H,yalox-water-shoes-women-s-men-s-outdoor-beach-swimming-aqua-socks-quick-dry-bare,B07S1VF39H.jpg
B0937BNPB3,kuailu-womens-flip-flops-ladies-yoga-mat-comfortable-walking-thong-sandals-with-,B0937BNPB3.jpg
B094TD7Z1K,cushionaire-feather-eva-slides-for-women-comfortable-slip-on-womens-slippers-ind,B094TD7Z1K.jpg
B0DQF8LS5X,project-cloud-100-genuine-leather-flat-sandals-for-women-2026-comfortable-beach-,B0DQF8LS5X.jpg
B0B89K7948,new-balance-women-s-327-sneaker,B0B89K7948.jpg
B07B421VFJ,new-balance-women-s-608-v5-casual-comfort-cross-trainer,B07B421VFJ.jpg
B0DQH21M77,kidmi-unisex-summer-sandals-arch-support-cork-footbed-slide-sandals-with-double-,B0DQH21M77.jpg
B0C2JYLPBW,adidas-womens-vl-court-3-0,B0C2JYLPBW.jpg
B0DDFC958G,brooks-women-s-ghost-17-neutral-running-shoe,B0DDFC958G.jpg
B07WWTCM9T,reef-cushion-vista-hi-womens-platform-fashion-sandal-arch-support-ultra-soft-cus,B07WWTCM9T.jpg
B01GQO5292,reef-womens-bliss-nights-flip-flop,B01GQO5292.jpg
B09CK8R425,cushionaire-fame-pillow-recovery-sandals-for-women-adjustable-double-buckle-wate,B09CK8R425.jpg
B0CVTZ4ZXR,watelves-womens-barefoot-water-shoes-travel-house-slippers-for-indoor-and-outdoo,B0CVTZ4ZXR.jpg
B07HJFX7RK,reef-cushion-vista-womens-sandal,B07HJFX7RK.jpg
B082WT5W3D,doussprt-women-s-water-shoes-quick-drying-sports-aqua-shoes,B082WT5W3D.jpg
B078WQQGK9,anluke-water-shoes-barefoot-aqua-yoga-socks-quick-dry-beach-swim-surf-shoes-for-,B078WQQGK9.jpg
B0F1XJ9TM4,weweya-slides-for-women-and-men-bathroom-shower-shoes-non-slip-house-slippers-li,B0F1XJ9TM4.jpg
B0F4LNP3DP,brooks-women-s-revel-8-neutral-running-walking-shoe,B0F4LNP3DP.jpg
B08DJ49X9V,watelves-water-shoes-mens-womens-beach-swim-shoes-quick-dry-aqua-socks-pool-shoe,B08DJ49X9V.jpg
B08DXDWS5F,snug-leaves-women-s-fuzzy-scuff-slippers-soft-comfy-memory-foam-non-slip-indoor-,B08DXDWS5F.jpg
B094C8G2NT,dr-scholl-s-shoes-women-s-time-off,B094C8G2NT.jpg
B09ZKZW1LR,coface-womens-fashion-orthotic-flip-flops-ladies-slip-on-lightweight-athletic-yo,B09ZKZW1LR.jpg
B0GRMZ5PFS,mazeskin-womens-flip-flops-vegan-leather-memory-foam-square-toe-flat-sandals-sum,B0GRMZ5PFS.jpg
B0DLKTMBYS,litfun-shower-shoes-for-women-non-slip-quick-dry-shower-slippers-lightweight-poo,B0DLKTMBYS.jpg
B0B4SX452L,vsufim-quick-dry-water-sports-barefoot-shoes-aqua-socks-for-swim-beach-pool-surf,B0B4SX452L.jpg
